SCREENSHOT	SHA256	ACTIVE_TAB	VISIBLE_MODE_OR_PAGE	OUTER_SIZE	CLIENT_SIZE
TLMTool_3MXfXQKSHN(2).png	217178561894a4205c7b5835ed33c050b384c8f60359f6894165e3400d514834	Daily	Daily	452x1032	450x1000
TLMTool_4dw2sgi7mQ(2).png	a555bce4054a0d32d19c2377a726c7fa2e6b78c03ce80e8291affb6185f04461	Login	Login	452x1032	450x1000
TLMTool_Ij9dp7pweA(2).png	8b62070b04231f762dc080f4432cbc178f020ae0614540dc0e9c293d16987fb8	Phó Bản	Phó Bản	452x1032	450x1000
TLMTool_Jktab78fPG(2).png	3939691e166fa67d9c50069119e4e3904496cd6769b04cf0d3199c6b3e0f866b	Daily	Daily	452x1032	450x1000
TLMTool_b2OvbUQCNB(2).png	17d98f6b6a263daa5857224d100355379672eae7bd7c72794323f31417d8bc53	Train	Train	452x1032	450x1000
TLMTool_f3mEgGoLlz(2).png	9e3b57671a2ff165ea31264a1c2fb19493f861a7bdadc4dc993a55bd130f5d29	Train LSV	Train LSV	452x1032	450x1000
TLMTool_fTpCsm0auQ(2).png	f1573668b94667e85b380326dcb5a4fc1a8cbc723d9cee80e6335c13961c339a	▶	Xếp lưới	452x1032	450x1000
TLMTool_iMhaiUXarZ(2).png	9e3b57671a2ff165ea31264a1c2fb19493f861a7bdadc4dc993a55bd130f5d29	Train LSV	Train LSV duplicate	452x1032	450x1000
TLMTool_kOf9oeNPWm(2).png	341f2b4653f31f5a0ee4a3f29d3cf9245edbf43c0ca140ac09a859925d8a2319	Rao	Rao	452x1032	450x1000
TLMTool_m7F9EFdzp5(2).png	dffb4da895d21dea87dd72a6601c29104f519dca89c2f716f5a7445bcbe4421a	Đồn	Đồn	452x1032	450x1000
TLMTool_rARyQTv9Ta(2).png	4f1b126ea4ba0034889545653046f552a226d5f0033d2329a8693342184c28cd	▶	Auto / Điều khiển nhanh	452x1032	450x1000
TLMTool_tormBQu5Vy(2).png	653110b20120e26d115f11e64cb61b23af686b77432cf211b28be51a40364933	Tối ưu	Tối ưu	452x1032	450x1000
