method	offset_hex	category	M01_scope	deferred_task
__init__	0x2bd9af2	UI_LIFECYCLE	AUTHORITY_SURFACE	-
_build_ui	0x2bd9b05	UI	VISIBLE_SURFACE	-
_rao_names	0x2bd9b17	MESSAGE_MODEL	BOUNDARY_ONLY	M02
_next_rao_name	0x2bd9b2a	MESSAGE_MODEL	BOUNDARY_ONLY	M02
_add_rao_row	0x2bd9b41	MESSAGE_UI	VISIBLE_BOUNDARY	M02
_remove_rao_row	0x2bd9b56	MESSAGE_UI	VISIBLE_BOUNDARY	M02
_resolve_rao	0x2bd9b6e	MESSAGE_CHANNEL_INTERVAL	BOUNDARY_ONLY	M02/M03/M04
_slot_loop	0x2bd9b83	WORKER_SEND_INTERVAL	BOUNDARY_ONLY	M04/M06
_stop_slot	0x2bd9b96	WORKER_STOP	BOUNDARY_ONLY	M06
_refresh_acc_rao_options	0x2bd9ba9	ACCOUNT_ASSIGNMENT	BOUNDARY_ONLY	M05
_sanitize_name	0x2bd9bca	ACCOUNT_IDENTITY	HELPER_BOUNDARY	M05
_get_char_info	0x2bd9be1	ACCOUNT_IDENTITY	HELPER_BOUNDARY	M05
_get_char_name	0x2bd9bfa	ACCOUNT_IDENTITY	HELPER_BOUNDARY	M05
_pid_of	0x2bd9c12	WINDOW_IDENTITY	HELPER_BOUNDARY	M05/M06
_is_window_alive	0x2bd9c22	WINDOW_IDENTITY	HELPER_BOUNDARY	M05/M06
_ui	0x2bd9c3b	UI_THREAD_MARSHAL	VISIBLE_BOUNDARY	M06
_add_or_update_row	0x2bd9c47	ACCOUNT_UI	VISIBLE_BOUNDARY	M05
_apply_row_permission	0x2bd9c62	PERMISSION	AUTHORITY_BOUNDARY	-
_remove_stale_accs	0x2bd9c80	ACCOUNT_REFRESH	BOUNDARY_ONLY	M05
_refresh_acc_lists	0x2bd9c9b	ACCOUNT_REFRESH	BOUNDARY_ONLY	M05
_start_refresh	0x2bd9cb6	TAB_REFRESH	AUTHORITY_SURFACE	-
_stop_refresh	0x2bd9cdc	TAB_REFRESH	AUTHORITY_SURFACE	-
_on_rows_configure	0x2bd9cf2	UI_SCROLL	VISIBLE_SURFACE	-
_request_scroll_update	0x2bd9d0d	UI_SCROLL	VISIBLE_SURFACE	-
_update_scroll_region	0x2bd9d2c	UI_SCROLL	VISIBLE_SURFACE	-
_schedule_refresh	0x2bd9d4a	ACCOUNT_REFRESH	BOUNDARY_ONLY	M05
_check_perm	0x2bd9d64	PERMISSION_LIMIT	AUTHORITY_BOUNDARY	-
_set_state	0x2bd9d78	ACCOUNT_STATE	VISIBLE_BOUNDARY	M06
_any_slot_running	0x2bd9d8b	WORKER_STATE	BOUNDARY_ONLY	M06
_ui_after_stop	0x2bd9da5	WORKER_UI	BOUNDARY_ONLY	M06
_paint_stopped	0x2bd9dbc	WORKER_UI	BOUNDARY_ONLY	M06
_stop_acc	0x2bd9dd3	WORKER_STOP	BOUNDARY_ONLY	M06
_start_slot	0x2bd9de5	WORKER_START	BOUNDARY_ONLY	M06
_toggle_single_acc	0x2bd9df9	WORKER_START_STOP	VISIBLE_BOUNDARY	M06
_start_all_accs	0x2bd9e14	WORKER_BULK_START	VISIBLE_BOUNDARY	M06
_on_rao_var_changed	0x2bd9e30	ACCOUNT_ASSIGNMENT_PERSISTENCE	BOUNDARY_ONLY	M05
load_acc_config	0x2bd9e4c	ACCOUNT_ASSIGNMENT_PERSISTENCE	BOUNDARY_ONLY	M05
_save_config	0x2bd9e64	MESSAGE_PERSISTENCE	BOUNDARY_ONLY	M02
_load_config	0x2bd9e79	MESSAGE_PERSISTENCE	BOUNDARY_ONLY	M02
_save_on_destroy	0x2bd9e8e	PERSISTENCE_LIFECYCLE	BOUNDARY_ONLY	M02
