id	task	area	contract	classification	existing_evidence	runtime_requirement	notes
M01	I01	module	Active implementation is train_lsv_tab.py / TrainLsvTab with [TrainLSV] config section	STATIC_VERIFIED	Frozen EXE + I01 model	None	Dedicated module/class and config family are bound.
M02	I01	refresh	Incremental account discovery/refresh cadence is 5 seconds	STATIC_VERIFIED	Frozen EXE + I01	None	Background reads; Tk apply on main thread.
M03	I01	autosave	Periodic config autosave cadence is 30 seconds	STATIC_VERIFIED	Frozen EXE + I01	None	Destroy/save hooks also exist.
M04	I01	UI	B06 Train LSV layout/widgets/default visible state match frozen wiring	STATIC_VERIFIED	B06 SHA 9e3b... + I01	None	No geometry remeasurement in I12.
M05	I01	StartTab	StartTab is forwarding/mirroring surface for the same TrainLsvTab engine	STATIC_VERIFIED	Frozen EXE + I01/I11	None	Stopped caption maps Bắt đầu -> Train LSV.
M06	I02	entry-normal	From normal Lạc Dương MapID 3, Tới LSV moves to tile 232,190 then clicks 891,473 and 480,605	RUNTIME_ENV_REQUIRED	Static contract only	Windows + live game	Verify exact transition and pacing.
M07	I02	entry-inside	Already-inside LSV path moves to hub MapID 10000 gate tile 236,190 without normal-entry clicks	RUNTIME_ENV_REQUIRED	Static contract only	Windows + live game	Confirm actual map transition.
M08	I02	map-set	LSV recognized zone set is 10000,10004,10005,10007,10014-10017	STATIC_VERIFIED	Frozen EXE + I02	None	Do not broaden set by analogy.
M09	I02	floors	Floor order 10000->10014->10015->10016->10017 with frozen waypoint table	RUNTIME_ENV_REQUIRED	Static waypoint table	Windows + live game	Verify each floor edge.
M10	I02	portal	10000->10014 portal uses click 609,450 x3 at 0.5s interval	RUNTIME_ENV_REQUIRED	Static contract only	Windows + live game	Verify portal interaction succeeds.
M11	I02	flat-maps	10004/10005/10007 flat-map waypoints and PK-warning handling behave as frozen	RUNTIME_ENV_REQUIRED	Static contract; timing unknown	Windows + live game	Resolve 0.3/0.5 placement.
M12	I02	active-wait	LSV readiness uses common.active through _wait_active default timeout 30s and optional stuck clicks	RUNTIME_ENV_REQUIRED	Static contract only	Windows + live game	Resolve wait_pixel interval/debug and post-click timing.
M13	I02/I03	movement-primitive	Shared movement primitive AutoMove/StartAutoPath/StopAutoPath executes in packaged real-session log	RUNTIME_VERIFIED_FROM_EXISTING_EVIDENCE	AutoMove=16040; StartAutoPath=15993; StopAutoPath=2027	None for primitive	Does not prove TrainLSV top-level causation.
M14	I03	final-order	Tới chỗ train resolves saved preset -> I02 ensure/premove -> I03 final direct move	STATIC_VERIFIED	Frozen EXE + I03	None	Pipeline boundary is fixed.
M15	I03	coords	Saved X/Y are tile coordinates converted by x32 for shared movement	STATIC_VERIFIED	Frozen EXE + I03/I10	None	No pixel values persisted.
M16	I03	arrival	Final move uses wait_for_arrival=True and caller stop_check	RUNTIME_ENV_REQUIRED	Static call surface	Windows + live game	Verify arrival timing/cancellation.
M17	I03	near-skip	TrainLSV has no ordinary-Train 8-tile pre-skip	STATIC_VERIFIED	Absence in full TrainLsvTab constants/local model	None	Do not import H05 behavior.
M18	I03	timeout	Final move timeout logs continue-task behavior rather than unconditional fatal stop	RUNTIME_ENV_REQUIRED	Static log contract	Windows + live game	Verify worker actually continues as expected.
M19	I04	leave-gate	Rời LSV proceeds only when current MapID is exactly 10000; floor/flat maps are skipped	RUNTIME_ENV_REQUIRED	Static branch/log contract	Windows + live game	Test hub and non-hub starts.
M20	I04	leave-clicks	Hub exit moves to tile 236,190 then clicks 887,475 -> 478,427	RUNTIME_ENV_REQUIRED	Static contract only	Windows + live game	Verify actual exit destination.
M21	I04	leave-wait-flag	_leave_lsv explicitly supplies wait_for_arrival, boolean value unresolved	RUNTIME_ENV_REQUIRED	Keyword presence static	Windows + live game / stronger native trace	Resolve True vs False.
M22	I04	leave-pacing	Exact sleep interval/placement around exit clicks is unresolved	RUNTIME_ENV_REQUIRED	time local only	Windows + instrumentation	Measure pacing.
M23	I04	post-exit	No TrainLSV post-click MapID/common.active verification exists	STATIC_VERIFIED	Absence in helper locals/constants	None	Completion log is not destination verification.
M24	I05	schedule-ui	Fixed Dạ Minh Châu row is always active/no-delete with clean key1 / 0m5s; dynamic rows default disabled/key1/0m5s	STATIC_VERIFIED	Frozen EXE + B06 + I05	None	Allowed keys F1-F10 + 1,2,3.
M25	I05	dmc-one-shot	Farm start sends one Dạ Minh Châu activation after exact riding/dismount path	RUNTIME_ENV_REQUIRED	Static contract only	Windows + live game	Verify clicks 1306,340 / 906,688 and one-shot timing.
M26	I05	hidden-key	One-shot uses press_single_key_dll(hwnd,key,delay=0,sync=True) over WM_MY_SYNC_KEY hidden transport	STATIC_VERIFIED	Frozen TrainLSV + .keyboard module	None	Not physical/global keyboard input.
M27	I05	repeat-worker	One repeating schedule worker per farming account services shared configured rows with interval/deadline model	RUNTIME_ENV_REQUIRED	Static worker model	Windows + multi-account game	Verify simultaneous accounts and row timing.
M28	I05	schedule-zero	Zero/empty/malformed interval policy is unresolved	RUNTIME_ENV_REQUIRED	Static UI validation only	Windows + config edge cases	Resolve skip/clamp/fallback behavior.
M29	I05	schedule-order	Multi-row deadline initialization/reset/fire order is unresolved	RUNTIME_ENV_REQUIRED	interval/deadline locals	Windows + multiple due rows	Resolve same-deadline ordering.
M30	I05	stale-worker	Generation guard stops old buff worker after Farm stop/restart	RUNTIME_ENV_REQUIRED	Exact frozen doc	Windows + rapid restart	Verify no stale key sends.
M31	I05	buff-config	buff_<n>=enabled|key|minutes|seconds persistence schema	STATIC_VERIFIED	Frozen save/load surfaces	None	Fixed-row exact persisted index remains runtime/migration edge.
M32	I05	repeat-key-kwargs	Repeating press_single_key_dll delay/sync/retry overrides are unresolved	RUNTIME_ENV_REQUIRED	Helper identity static	Windows + instrumentation	Do not copy one-shot kwargs by analogy.
M33	I06	pickup-policy	Nhặt đồ is keep/discard policy: none->discard both; weapons->discard nonweapon; all->[]; default all	STATIC_VERIFIED	Frozen bag_filter + TrainLSV	None	Tất cả means discard nothing.
M34	I06	bag-poll	Per-account watcher polls occupied Site-10 bag slots every 10 seconds	STATIC_VERIFIED	Frozen _discard_loop doc/constants	None	Trigger outcome still runtime-sensitive.
M35	I06	full-threshold	Numeric FULL_BAG_THRESHOLD remains unresolved	RUNTIME_ENV_REQUIRED	Symbol only	Windows + controlled bag fill	Determine exact threshold/comparator.
M36	I06	discard-trigger	At full threshold, TrainLSV calls bag_filter.discard_for_activity(activity=train,keys,stop_check) and restores state	RUNTIME_ENV_REQUIRED	Static call/state contract	Windows + controlled inventory	Verify purple state and previous-state restoration.
M37	I06	discard-primitive	Whole-stack action-4 item-discard primitive executes in packaged real-session log	RUNTIME_VERIFIED_FROM_EXISTING_EVIDENCE	action=4=22734; spts action4=22732 across 49 PID-tagged processes	None for primitive	No top-level TrainLSV correlation.
M38	I06	no-pickitem	TrainLsvTab contains no direct PICKITEM.IsOn/set_auto_fields enable path	STATIC_VERIFIED	Full TrainLsvTab constant search	None	Do not import ordinary Train H09.
M39	I07	treatment-config	trist defaults false; treatment ignores legacy heal_map_var and uses fixed MapID10000 tile163,237	STATIC_VERIFIED	Frozen EXE + I07	None	Shared move target derives to 5216,7584 pixels.
M40	I07	hp-gate	Treatment helper skips readable HP>=50, heals HP<50, and heals when HP unreadable	RUNTIME_ENV_REQUIRED	Static branch/log contract	Windows + controlled HP/read-failure	Verify all three branches.
M41	I07	treatment-clicks	After successful move, treatment uses points 892,474 and 514,424 with x4 behavior	RUNTIME_ENV_REQUIRED	Static coordinates/doc	Windows + live treatment NPC	Verify x4 source behavior and result.
M42	I07	treatment-pacing	Effective treatment click pacing and exact stop_check checkpoints remain unresolved	RUNTIME_ENV_REQUIRED	Shared click default known; TrainLSV override unbound	Windows + timing/cancel test	Do not import H06 0.2s.
M43	I07	post-heal	No post-treatment HP reread/target loop/common.active wait exists	STATIC_VERIFIED	Absence in helper locals/constants	None	Completion is sequence completion only.
M44	I08	reconnect-static	auto_reconnect defaults false; watchdog 2s; dual pixels/tolerance5; 3 consecutive strikes	STATIC_VERIFIED	Frozen TrainLSV + pixel_data	None	Corrected tolerance=5 is authoritative.
M45	I08	memory-veto	TCPGame connected=True resets/vetoes pixel false-positive disconnect; None lets pixels decide	RUNTIME_ENV_REQUIRED	Static tri-state contract	Windows + manipulated dialog/memory states	Verify strike reset and false-positive protection.
M46	I08	reconnect-attempt	Confirmed disconnect uses guarded click 616,455, 5 attempts, each common.active wait up to 30s	RUNTIME_ENV_REQUIRED	Static reconnect loop	Windows + induced disconnect	Verify click guarding and success branch.
M47	I08	retry-batches	Five failures -> Chờ kết nối lại -> wait30s -> retry indefinitely while session valid	RUNTIME_ENV_REQUIRED	Static docs/constants	Windows + unavailable server	Verify no auto-disable.
M48	I08	reconnect-event	Farm cycle checks reconnect_ok.wait(timeout=5)	RUNTIME_ENV_REQUIRED	Exact constant/call surface	Windows + delayed reconnect	Verify cancellation responsiveness.
M49	I08	memory-ready	Post-success wait_memory_ready(timeout45,need3,interval1) is fail-open	RUNTIME_ENV_REQUIRED	Static shared helper contract	Windows + delayed memory readiness	Verify 3 consecutive reads and timeout continuation.
M50	I08	reinjection	Unconditional DLL reinjection after reconnect is not proven	RUNTIME_ENV_REQUIRED	No direct static edge	Windows + hook/injection instrumentation	Determine whether any guarded reinjection occurs.
M51	I09	death-static	respawn defaults false; _diaphu_monitor starts at Farm start and polls every 4s	STATIC_VERIFIED	Frozen EXE + B06	None	Not armed only after train arrival.
M52	I09	hp0	Real numeric HP0 sends one click 792,441 per latched episode and owns death-count event	RUNTIME_ENV_REQUIRED	Static latch/counter contract	Windows + controlled death	Verify one click/count and latch rearm.
M53	I09	map10000-recovery	MapID10000 recovery sets respawn_event/detected latch and waits common.active	RUNTIME_ENV_REQUIRED	Static event/wait contract	Windows + death/recovery	Resolve latch reset and active-wait timeout.
M54	I09	respawn-enabled	With respawn enabled, recovery returns through selected I02/I03 TrainLSV target	RUNTIME_ENV_REQUIRED	Static target/helper boundary	Windows + death with saved preset	Verify treatment/return sequence.
M55	I09	respawn-disabled	Exact Farm-worker continuation when respawn=False is unresolved	RUNTIME_ENV_REQUIRED	UI semantic only	Windows + death with respawn disabled	Determine idle/stop/continue behavior.
M56	I09	death-treatment	Death recovery reuses I07 treatment path; inline-vs-next-cycle order unresolved	RUNTIME_ENV_REQUIRED	Shared cycle surfaces	Windows + low HP death with trist on	Determine exact ordering.
M57	I09	death-reconnect-race	Same-scheduling-window death vs disconnect ordering before halt remains unresolved	RUNTIME_ENV_REQUIRED	Both monitors share Farm cycle	Windows + induced race	Verify arbitration.
M58	I10	coord-schema	[TrainLSV] coord_<n> records use preset_name|map_id|x|y; saved X/Y are tile units	STATIC_VERIFIED	Frozen TrainLSV + shared utils parser	None	Last three pipe fields are mapID/X/Y.
M59	I10	coord-load	Unknown/retired map IDs or legacy map names are skipped without fuzzy remap	RUNTIME_ENV_REQUIRED	Static diagnostics	Windows config reload	Verify exact user-visible persistence result.
M60	I10	coord-rename	Rename propagates immediately to all account Train comboboxes and old selected names	RUNTIME_ENV_REQUIRED	Exact static docs	Windows UI config test	Verify live and persisted values.
M61	I10	coord-account	Per-account selection persists via acc_<character>_train only when preset still exists	RUNTIME_ENV_REQUIRED	Static save/load contract	Windows restart/reload	Verify stale preset ignored.
M62	I10	coord-duplicates	Duplicate preset-name prevention/winner is unresolved	RUNTIME_ENV_REQUIRED	No rejection surface recovered	Windows UI/config edge case	Determine first/last/other resolver behavior.
M63	I10	coord-save-scheduler	Exact coordinate edit save delay/thread/debounce behavior is unresolved	RUNTIME_ENV_REQUIRED	Save hooks static	Windows timed edit/restart test	30s periodic autosave remains separate safety net.
M64	I11	bulk-targets	_checked_rows means all current TrainLSV account rows; no selection checkboxes	STATIC_VERIFIED	Frozen docs + B06	None	Do not add per-row selection UI.
M65	I11	bulk-parallel	Four visible bulk commands dispatch off Tk thread and run per-account work in parallel	RUNTIME_ENV_REQUIRED	Static threading/worker docs	Windows multi-account	Verify responsiveness and concurrent starts.
M66	I11	fight-separation	Bulk Đánh is manual memory/internal StartAutoFight, not full _farm_cycle	STATIC_VERIFIED	Frozen _farm_acc doc	None	No click path.
M67	I11	fight-primitive	AutoFight_Main primitive executes in packaged real-session log	RUNTIME_VERIFIED_FROM_EXISTING_EVIDENCE	AutoFight_Main=8511 across 91 PID-tagged processes	None for primitive	Does not prove bulk Đánh causation.
M68	I11	fight-conflict	Manual Fight skips account already in full automatic Farm	RUNTIME_ENV_REQUIRED	Static skip log/guard	Windows active-Farm test	Verify no overlapping StartAutoFight command.
M69	I11	row-buttons	Stable row states are ▶ green, II red; draining row is … orange and refresh-protected	RUNTIME_ENV_REQUIRED	Static UI constants	Windows start/stop	Verify transition timing and final captions.
M70	I11	global-toggle	Global START targets inactive rows only; STOP targets active rows only	RUNTIME_ENV_REQUIRED	Exact static doc/logs	Windows mixed active/inactive accounts	Verify idempotent targeting.
M71	I11	generation	_gen/gen_snap/_check_stop prevent stale Farm session surviving rapid stop/restart	RUNTIME_ENV_REQUIRED	Static generation contract	Windows rapid restart stress	Verify old worker produces no post-restart actions.
M72	I11	partial-stop	Stopping subset drains selected workers while remaining accounts continue	RUNTIME_ENV_REQUIRED	Static _wait_farm_stop contract	Windows >=2 accounts	Verify has_remaining path.
M73	I11	full-stop	Last/full stop drains workers then resets Bắt đầu/green/normal	RUNTIME_ENV_REQUIRED	Static _wait_farm_stop contract	Windows live game	Verify final state and no worker leakage.
M74	I11	stale-window-cleanup	No-window cleanup shows Đang dừng... orange disabled and drains workers	RUNTIME_ENV_REQUIRED	Static stale-row cleanup path	Windows close all game windows while Farm active	Verify special cleanup UI.
M75	I11	starttab-mirror	StartTab and TrainLSV controls stay synchronized; stopped caption maps Bắt đầu -> Train LSV	RUNTIME_ENV_REQUIRED	Static mirror contract	Windows UI interaction	Toggle from each surface.
M76	I11	resize-monitor	Per-account resize monitor polls each second and enforces 1366x768 only on mismatch	RUNTIME_ENV_REQUIRED	Static doc	Windows resize test	Verify no unnecessary repeated resize.
M77	I11	permission	Per-account Farm start uses has_permission_with_limit trainlsv_tab/trainlsv	RUNTIME_ENV_REQUIRED	Static guard	Windows denied/limit environment	Verify denial path and existing-stop path remains usable.
M78	I11	move-leave-conflict	Active-Farm conflict behavior for bulk move/leave commands is unresolved	RUNTIME_ENV_REQUIRED	No independent skip rule recovered	Windows active-Farm bulk commands	Determine allow/skip/cancel behavior.
M79	I11	join-micro	Inner bulk child daemon/join policy and Farm join timeout micro-order remain unresolved	RUNTIME_ENV_REQUIRED	Static parallel/join surfaces	Windows thread lifecycle instrumentation	Resolve only if parity requires exact timing.
M80	I11	cycle-scope	Full TrainLSV cycle is move-to-train -> fight -> repeat and excludes ordinary Train sell/medicine/return-town scheduler	STATIC_VERIFIED	Exact _farm_cycle doc	None	Do not import H-phase town/sell logic.
