source	target	tier	status
coordinate_utils	cpu_monitor	B	STATIC_REFERENCE_NOT_IMPORT_PROOF
daily_tab	emu_input	B	STATIC_REFERENCE_NOT_IMPORT_PROOF
daily_tab	emu_reader	B	STATIC_REFERENCE_NOT_IMPORT_PROOF
daily_tab	emu_remote	B	STATIC_REFERENCE_NOT_IMPORT_PROOF
daily_tab	emu_setup	B	STATIC_REFERENCE_NOT_IMPORT_PROOF
daily_tab	info_tab	B	STATIC_REFERENCE_NOT_IMPORT_PROOF
daily_tab	utils	B	STATIC_REFERENCE_NOT_IMPORT_PROOF
debug_android_tab	debug_logger	B	STATIC_REFERENCE_NOT_IMPORT_PROOF
debug_logger	TLMTool	B	STATIC_REFERENCE_NOT_IMPORT_PROOF
debug_logger	bag_filter	B	STATIC_REFERENCE_NOT_IMPORT_PROOF
debug_logger	cpu_monitor	B	STATIC_REFERENCE_NOT_IMPORT_PROOF
debug_logger	debug_tab	B	STATIC_REFERENCE_NOT_IMPORT_PROOF
debug_logger	memory_items	B	STATIC_REFERENCE_NOT_IMPORT_PROOF
debug_logger	permission_guard	B	STATIC_REFERENCE_NOT_IMPORT_PROOF
debug_logger	pixel	B	STATIC_REFERENCE_NOT_IMPORT_PROOF
debug_logger	start_tab	B	STATIC_REFERENCE_NOT_IMPORT_PROOF
debug_logger	utils	B	STATIC_REFERENCE_NOT_IMPORT_PROOF
debug_tab	dll_injector	B	STATIC_REFERENCE_NOT_IMPORT_PROOF
debug_tab	utils	B	STATIC_REFERENCE_NOT_IMPORT_PROOF
dll_injector	memory_items	B	STATIC_REFERENCE_NOT_IMPORT_PROOF
dll_injector	pixel	B	STATIC_REFERENCE_NOT_IMPORT_PROOF
dll_injector	utils	B	STATIC_REFERENCE_NOT_IMPORT_PROOF
don_logic	bag_filter	B	STATIC_REFERENCE_NOT_IMPORT_PROOF
don_logic	dll_injector	B	STATIC_REFERENCE_NOT_IMPORT_PROOF
don_logic	donvang_tab	B	STATIC_REFERENCE_NOT_IMPORT_PROOF
don_logic	farm_data	B	STATIC_REFERENCE_NOT_IMPORT_PROOF
don_logic	fast_travel	B	STATIC_REFERENCE_NOT_IMPORT_PROOF
don_logic	info_tab	B	STATIC_REFERENCE_NOT_IMPORT_PROOF
don_logic	memory_items	B	STATIC_REFERENCE_NOT_IMPORT_PROOF
don_logic	permission_guard	B	STATIC_REFERENCE_NOT_IMPORT_PROOF
don_logic	pixel	B	STATIC_REFERENCE_NOT_IMPORT_PROOF
don_logic	start_tab	B	STATIC_REFERENCE_NOT_IMPORT_PROOF
don_logic	utils	B	STATIC_REFERENCE_NOT_IMPORT_PROOF
donvang_tab	emu_input	B	STATIC_REFERENCE_NOT_IMPORT_PROOF
donvang_tab	emu_reader	B	STATIC_REFERENCE_NOT_IMPORT_PROOF
donvang_tab	info_tab	B	STATIC_REFERENCE_NOT_IMPORT_PROOF
donvang_tab	utils	B	STATIC_REFERENCE_NOT_IMPORT_PROOF
emu_chat	emu_farm_tab	B	STATIC_REFERENCE_NOT_IMPORT_PROOF
emu_chat	emu_reader	B	STATIC_REFERENCE_NOT_IMPORT_PROOF
emu_chat	emu_setup	B	STATIC_REFERENCE_NOT_IMPORT_PROOF
emu_chat	utils	B	STATIC_REFERENCE_NOT_IMPORT_PROOF
emu_farm_tab	emu_input	B	STATIC_REFERENCE_NOT_IMPORT_PROOF
emu_farm_tab	info_tab	B	STATIC_REFERENCE_NOT_IMPORT_PROOF
emu_input	emu_reader	B	STATIC_REFERENCE_NOT_IMPORT_PROOF
emu_input	emu_remote	B	STATIC_REFERENCE_NOT_IMPORT_PROOF
emu_input	farm_data	B	STATIC_REFERENCE_NOT_IMPORT_PROOF
emu_input	permission_guard	B	STATIC_REFERENCE_NOT_IMPORT_PROOF
emu_input	train_lsv_tab	B	STATIC_REFERENCE_NOT_IMPORT_PROOF
emu_input	utils	B	STATIC_REFERENCE_NOT_IMPORT_PROOF
emu_remote	emu_reader	B	STATIC_REFERENCE_NOT_IMPORT_PROOF
emu_remote	utils	B	STATIC_REFERENCE_NOT_IMPORT_PROOF
farm_data	bag_filter	B	STATIC_REFERENCE_NOT_IMPORT_PROOF
farm_data	dll_injector	B	STATIC_REFERENCE_NOT_IMPORT_PROOF
farm_data	farm_tab	B	STATIC_REFERENCE_NOT_IMPORT_PROOF
farm_data	fast_travel	B	STATIC_REFERENCE_NOT_IMPORT_PROOF
farm_data	info_tab	B	STATIC_REFERENCE_NOT_IMPORT_PROOF
farm_data	memory_items	B	STATIC_REFERENCE_NOT_IMPORT_PROOF
farm_data	permission_guard	B	STATIC_REFERENCE_NOT_IMPORT_PROOF
farm_data	pixel	B	STATIC_REFERENCE_NOT_IMPORT_PROOF
farm_data	pixel_data	B	STATIC_REFERENCE_NOT_IMPORT_PROOF
farm_data	start_tab	B	STATIC_REFERENCE_NOT_IMPORT_PROOF
farm_data	utils	B	STATIC_REFERENCE_NOT_IMPORT_PROOF
farm_tab	farm_data	B	STATIC_REFERENCE_NOT_IMPORT_PROOF
farm_tab	info_tab	B	STATIC_REFERENCE_NOT_IMPORT_PROOF
farm_tab	pixel	B	STATIC_REFERENCE_NOT_IMPORT_PROOF
farm_tab	utils	B	STATIC_REFERENCE_NOT_IMPORT_PROOF
fast_travel	forwarder	B	STATIC_REFERENCE_NOT_IMPORT_PROOF
item_meta_data	coordinate_utils	B	STATIC_REFERENCE_NOT_IMPORT_PROOF
local_token_secret	dll_injector	B	STATIC_REFERENCE_NOT_IMPORT_PROOF
local_token_secret	forwarder	B	STATIC_REFERENCE_NOT_IMPORT_PROOF
local_token_secret	info_tab	B	STATIC_REFERENCE_NOT_IMPORT_PROOF
local_token_secret	login_tab	B	STATIC_REFERENCE_NOT_IMPORT_PROOF
local_token_secret	permission_guard	B	STATIC_REFERENCE_NOT_IMPORT_PROOF
local_token_secret	pixel	B	STATIC_REFERENCE_NOT_IMPORT_PROOF
local_token_secret	proxy_refresh	B	STATIC_REFERENCE_NOT_IMPORT_PROOF
local_token_secret	start_tab	B	STATIC_REFERENCE_NOT_IMPORT_PROOF
local_token_secret	utils	B	STATIC_REFERENCE_NOT_IMPORT_PROOF
login_tab	dll_injector	B	STATIC_REFERENCE_NOT_IMPORT_PROOF
login_tab	info_tab	B	STATIC_REFERENCE_NOT_IMPORT_PROOF
login_tab	item_meta_data	B	STATIC_REFERENCE_NOT_IMPORT_PROOF
login_tab	memory_reader	B	STATIC_REFERENCE_NOT_IMPORT_PROOF
login_tab	utils	B	STATIC_REFERENCE_NOT_IMPORT_PROOF
login_tab	weapon_ids	B	STATIC_REFERENCE_NOT_IMPORT_PROOF
memory_items	dll_injector	B	STATIC_REFERENCE_NOT_IMPORT_PROOF
memory_items	memory_reader	B	STATIC_REFERENCE_NOT_IMPORT_PROOF
memory_reader	coordinate_utils	B	STATIC_REFERENCE_NOT_IMPORT_PROOF
memory_reader	utils	B	STATIC_REFERENCE_NOT_IMPORT_PROOF
party_tab	daily_tab	B	STATIC_REFERENCE_NOT_IMPORT_PROOF
party_tab	debug_tab	B	STATIC_REFERENCE_NOT_IMPORT_PROOF
party_tab	donvang_tab	B	STATIC_REFERENCE_NOT_IMPORT_PROOF
party_tab	emu_reader	B	STATIC_REFERENCE_NOT_IMPORT_PROOF
party_tab	farm_tab	B	STATIC_REFERENCE_NOT_IMPORT_PROOF
party_tab	info_tab	B	STATIC_REFERENCE_NOT_IMPORT_PROOF
party_tab	login_tab	B	STATIC_REFERENCE_NOT_IMPORT_PROOF
party_tab	phoban_tab	B	STATIC_REFERENCE_NOT_IMPORT_PROOF
party_tab	proxy_tab	B	STATIC_REFERENCE_NOT_IMPORT_PROOF
party_tab	rao_tab	B	STATIC_REFERENCE_NOT_IMPORT_PROOF
party_tab	start_tab	B	STATIC_REFERENCE_NOT_IMPORT_PROOF
party_tab	toiuu_tab	B	STATIC_REFERENCE_NOT_IMPORT_PROOF
permission_guard	phoban_dungeons	B	STATIC_REFERENCE_NOT_IMPORT_PROOF
permission_guard	utils	B	STATIC_REFERENCE_NOT_IMPORT_PROOF
phoban_dungeons	bag_filter	B	STATIC_REFERENCE_NOT_IMPORT_PROOF
phoban_dungeons	dll_injector	B	STATIC_REFERENCE_NOT_IMPORT_PROOF
phoban_dungeons	info_tab	B	STATIC_REFERENCE_NOT_IMPORT_PROOF
phoban_dungeons	permission_guard	B	STATIC_REFERENCE_NOT_IMPORT_PROOF
phoban_dungeons	phoban_tab	B	STATIC_REFERENCE_NOT_IMPORT_PROOF
phoban_dungeons	pixel	B	STATIC_REFERENCE_NOT_IMPORT_PROOF
phoban_dungeons	start_tab	B	STATIC_REFERENCE_NOT_IMPORT_PROOF
phoban_dungeons	utils	B	STATIC_REFERENCE_NOT_IMPORT_PROOF
phoban_tab	coordinate_utils	B	STATIC_REFERENCE_NOT_IMPORT_PROOF
phoban_tab	info_tab	B	STATIC_REFERENCE_NOT_IMPORT_PROOF
phoban_tab	pixel	B	STATIC_REFERENCE_NOT_IMPORT_PROOF
phoban_tab	pixel_data	B	STATIC_REFERENCE_NOT_IMPORT_PROOF
pixel_data	info_tab	B	STATIC_REFERENCE_NOT_IMPORT_PROOF
proxy_tab	info_tab	B	STATIC_REFERENCE_NOT_IMPORT_PROOF
rao_tab	info_tab	B	STATIC_REFERENCE_NOT_IMPORT_PROOF
splash	info_tab	B	STATIC_REFERENCE_NOT_IMPORT_PROOF
splash	start_tab	B	STATIC_REFERENCE_NOT_IMPORT_PROOF
splash	utils	B	STATIC_REFERENCE_NOT_IMPORT_PROOF
start_tab	daily_tab	B	STATIC_REFERENCE_NOT_IMPORT_PROOF
start_tab	info_tab	B	STATIC_REFERENCE_NOT_IMPORT_PROOF
start_tab	login_tab	B	STATIC_REFERENCE_NOT_IMPORT_PROOF
toiuu_tab	bag_filter	B	STATIC_REFERENCE_NOT_IMPORT_PROOF
toiuu_tab	dll_injector	B	STATIC_REFERENCE_NOT_IMPORT_PROOF
toiuu_tab	info_tab	B	STATIC_REFERENCE_NOT_IMPORT_PROOF
toiuu_tab	memory_items	B	STATIC_REFERENCE_NOT_IMPORT_PROOF
toiuu_tab	permission_guard	B	STATIC_REFERENCE_NOT_IMPORT_PROOF
toiuu_tab	pixel	B	STATIC_REFERENCE_NOT_IMPORT_PROOF
toiuu_tab	start_tab	B	STATIC_REFERENCE_NOT_IMPORT_PROOF
toiuu_tab	train_lsv_tab	B	STATIC_REFERENCE_NOT_IMPORT_PROOF
toiuu_tab	utils	B	STATIC_REFERENCE_NOT_IMPORT_PROOF
train_lsv_tab	info_tab	B	STATIC_REFERENCE_NOT_IMPORT_PROOF
