module	marker_offset_hex	raw_strings	high_signal	api_const	log_ui	path_file	url	symbol	ui_text
coordinate_utils	0x28d8150	194	72	0	22	0	0	29	28
cpu_monitor	0x28d89ec	38	9	0	0	0	0	4	5
daily_tab	0x290abe0	1188	353	6	71	9	0	138	159
debug_android_tab	0x290df6b	281	40	0	3	5	0	13	25
debug_logger	0x290ea62	2263	954	20	133	28	0	202	689
debug_tab	0x291748d	1221	343	29	93	12	0	144	103
dll_injector	0x291ac8c	1983	742	2	144	29	0	85	616
don_logic	0x2920439	4526	1692	4	222	68	0	410	1166
donvang_tab	0x292e366	1314	318	0	93	3	0	227	18
emu_chat	0x293100b	517	156	0	5	9	0	74	77
emu_farm_tab	0x2932982	247	37	0	1	3	0	16	20
emu_input	0x293325e	1426	487	2	67	63	0	165	275
emu_remote	0x2938351	347	83	0	18	15	1	20	54
emu_setup	0x293942d	533	56	0	0	3	0	24	31
farm_data	0x293a90a	3082	1177	4	98	51	0	317	810
farm_tab	0x2944146	1515	444	0	88	8	0	181	201
fast_travel	0x2947cb1	685	300	0	58	29	2	77	202
forwarder	0x2949de7	1639	645	5	65	0	0	93	521
info_tab	0x2975ca8	217581	20328	0	8	1082	0	69	20253
item_meta_data	0x2b5cd8a	240	88	6	18	7	0	13	69
local_token_secret	0x2b5e0f1	3158	1191	12	168	67	0	241	902
login_tab	0x2b683ba	2947	1126	23	160	62	0	210	804
memory_items	0x2b7463a	1304	411	25	143	14	0	94	204
memory_reader	0x2b780dd	742	318	18	80	20	0	51	238
party_tab	0x2b81b28	1200	299	0	39	18	0	73	186
permission_guard	0x2b84c34	725	227	0	29	11	0	37	179
phoban_dungeons	0x2b86bf0	3845	1345	7	162	41	0	295	971
phoban_tab	0x2b9234d	2305	515	13	154	20	0	198	222
pixel_data	0x2b98ee0	1184	323	0	27	35	10	63	248
proxy_tab	0x2b9c61c	740	193	2	23	6	2	41	139
rao_tab	0x2bd9f72	256	60	0	25	1	1	28	9
splash	0x2bf8b6c	2368	982	47	155	40	0	324	562
start_tab	0x2c00c90	620	104	8	72	0	0	28	4
toiuu_tab	0x2c06c69	3019	1098	4	167	33	0	266	742
train_lsv_tab	0x2c0f8f7	3011	1358	3	161	9	1	360	938
utils	0x2c538d3	430	131	0	49	1	0	87	4
weapon_ids	0x2c5b3ce	4828	896	262	140	1	0	521	23
