CATEGORY	SUBTYPE	COUNT
DATA	MZ_PE_LIKE_STRUCTURALLY_INVALID	14
DATA	PE_DLL_X64_UPX_CONTAINER	6
DATA	TEXT_DATA_OR_LOG	2
DATA	PE_DLL_x64_DATA_NAMED	1
DLL	PE_DLL_x64	12
EXE	PE_EXECUTABLE_x64	6
EXE	PE_EXECUTABLE_x86	1
PYD	PYTHON_EXTENSION_x64	32
RESOURCE	TCL_TZDATA	609
RESOURCE	TCL_MESSAGE_CATALOG	143
RESOURCE	TCL_ENCODING_TABLE	80
RESOURCE	TCL_SCRIPT	69
RESOURCE	IMAGE_RESOURCE	14
RESOURCE	TCL_MODULE	5
RESOURCE	RUNTIME_INDEX_OR_README	3
RESOURCE	JAVASCRIPT_HELPER	2
RESOURCE	CERTIFICATE_BUNDLE	1
RESOURCE	LICENSE_TEXT	1
RESOURCE	XML_CONFIG_RESOURCE	1
